layer_name,activation_bits,percentile,alpha,mse,num_samples
features.0.0,7,99.0,5.149247169494629,0.12035907059907913,200000
features.0.0,7,99.5,6.611125469207764,0.0700368881225586,200000
features.0.0,7,99.9,10.565325736999512,0.0180298313498497,200000
features.0.0,7,99.95,12.906425476074219,0.009323608130216599,200000
features.0.0,7,99.99,16.881742477416992,0.006448558531701565,200000
features.0.0,7,100.0,22.0313663482666,0.009356062859296799,200000
features.1.conv.0.0,7,99.0,3.7848129272460938,0.24242082238197327,200000
features.1.conv.0.0,7,99.5,5.1991376876831055,0.16764898598194122,200000
features.1.conv.0.0,7,99.9,13.246736526489258,0.010022345930337906,200000
features.1.conv.0.0,7,99.95,15.416154861450195,0.0051374430768191814,200000
features.1.conv.0.0,7,99.99,17.72553062438965,0.00510266562923789,200000
features.1.conv.0.0,7,100.0,17.78510856628418,0.005141586996614933,200000
features.1.conv.1,7,99.0,7.858859539031982,0.022463040426373482,200000
features.1.conv.1,7,99.5,8.604572296142578,0.01155513059347868,200000
features.1.conv.1,7,99.9,10.31390380859375,0.0037965483497828245,200000
features.1.conv.1,7,99.95,11.043750762939453,0.0031648215372115374,200000
features.1.conv.1,7,99.99,12.314453125,0.003258307697251439,200000
features.1.conv.1,7,100.0,14.374408721923828,0.0043363370932638645,200000
features.2.conv.0.0,7,99.0,14.208623886108398,0.4652775824069977,200000
features.2.conv.0.0,7,99.5,17.030807495117188,0.272283673286438,200000
features.2.conv.0.0,7,99.9,25.31431007385254,0.06966701149940491,200000
features.2.conv.0.0,7,99.95,28.578510284423828,0.04882017895579338,200000
features.2.conv.0.0,7,99.99,37.50457000732422,0.03691447153687477,200000
features.2.conv.0.0,7,100.0,54.83901596069336,0.06293852627277374,200000
features.2.conv.1.0,7,99.0,5.047359943389893,0.012329035438597202,200000
features.2.conv.1.0,7,99.5,5.718573093414307,0.004681616090238094,200000
features.2.conv.1.0,7,99.9,6.9757561683654785,0.001088226679712534,200000
features.2.conv.1.0,7,99.95,7.084847450256348,0.001072931569069624,200000
features.2.conv.1.0,7,99.99,7.756723403930664,0.0011637317948043346,200000
features.2.conv.1.0,7,100.0,8.390134811401367,0.0013500457862392068,200000
features.2.conv.2,7,99.0,8.368631362915039,0.01454449724406004,200000
features.2.conv.2,7,99.5,8.983101844787598,0.007287735119462013,200000
features.2.conv.2,7,99.9,10.32536792755127,0.0027714427560567856,200000
features.2.conv.2,7,99.95,10.792752265930176,0.0026339557953178883,200000
features.2.conv.2,7,99.99,11.5401611328125,0.0028206445276737213,200000
features.2.conv.2,7,100.0,12.715088844299316,0.0033978689461946487,200000
features.3.conv.0.0,7,99.0,9.901541709899902,0.16707466542720795,200000
features.3.conv.0.0,7,99.5,11.7911958694458,0.08889126777648926,200000
features.3.conv.0.0,7,99.9,16.715511322021484,0.01943683810532093,200000
features.3.conv.0.0,7,99.95,18.901962280273438,0.012426315806806087,200000
features.3.conv.0.0,7,99.99,22.633371353149414,0.011356350034475327,200000
features.3.conv.0.0,7,100.0,28.934471130371094,0.017414595931768417,200000
features.3.conv.1.0,7,99.0,2.4267094135284424,0.01740778610110283,200000
features.3.conv.1.0,7,99.5,3.7752668857574463,0.0009210511925630271,200000
features.3.conv.1.0,7,99.9,4.271439075469971,0.00034753853105939925,200000
features.3.conv.1.0,7,99.95,4.332859516143799,0.00035051704617217183,200000
features.3.conv.1.0,7,99.99,4.413571357727051,0.0003606267855502665,200000
features.3.conv.1.0,7,100.0,4.8769683837890625,0.0004379682068247348,200000
features.3.conv.2,7,99.0,5.839255332946777,0.005067296326160431,200000
features.3.conv.2,7,99.5,6.229008674621582,0.0024818354286253452,200000
features.3.conv.2,7,99.9,6.922595500946045,0.0012253414606675506,200000
features.3.conv.2,7,99.95,7.192957401275635,0.0011765433009713888,200000
features.3.conv.2,7,99.99,7.787344455718994,0.0012756161158904433,200000
features.3.conv.2,7,100.0,8.210935592651367,0.0014126190217211843,200000
features.4.conv.0.0,7,99.0,16.82462501525879,0.29761189222335815,200000
features.4.conv.0.0,7,99.5,19.517292022705078,0.15205541253089905,200000
features.4.conv.0.0,7,99.9,25.911867141723633,0.04009800776839256,200000
features.4.conv.0.0,7,99.95,28.411279678344727,0.029915744438767433,200000
features.4.conv.0.0,7,99.99,34.31729507446289,0.027123037725687027,200000
features.4.conv.0.0,7,100.0,48.844993591308594,0.0499744638800621,200000
features.4.conv.1.0,7,99.0,4.873934745788574,0.014537036418914795,200000
features.4.conv.1.0,7,99.5,5.6885528564453125,0.004633364267647266,200000
features.4.conv.1.0,7,99.9,6.898764610290527,0.001109114266000688,200000
features.4.conv.1.0,7,99.95,7.262343883514404,0.00100848195143044,200000
features.4.conv.1.0,7,99.99,7.7224202156066895,0.001066630706191063,200000
features.4.conv.1.0,7,100.0,8.500541687011719,0.0012812854256480932,200000
features.4.conv.2,7,99.0,6.44293212890625,0.015163620933890343,200000
features.4.conv.2,7,99.5,7.163896560668945,0.006364898756146431,200000
features.4.conv.2,7,99.9,8.503118515014648,0.0019993071909993887,200000
features.4.conv.2,7,99.95,8.981034278869629,0.0018520512385293841,200000
features.4.conv.2,7,99.99,9.564908981323242,0.001973122591152787,200000
features.4.conv.2,7,100.0,12.004716873168945,0.003031316911801696,200000
features.5.conv.0.0,7,99.0,7.0838236808776855,0.03598857298493385,200000
features.5.conv.0.0,7,99.5,7.9404401779174805,0.019966062158346176,200000
features.5.conv.0.0,7,99.9,10.184235572814941,0.005704170558601618,200000
features.5.conv.0.0,7,99.95,11.143184661865234,0.004259204491972923,200000
features.5.conv.0.0,7,99.99,13.331658363342285,0.00400704937055707,200000
features.5.conv.0.0,7,100.0,17.604467391967773,0.006485225632786751,200000
features.5.conv.1.0,7,99.0,2.0069832801818848,0.007048563100397587,200000
features.5.conv.1.0,7,99.5,2.8718345165252686,0.0004087676352355629,200000
features.5.conv.1.0,7,99.9,3.119863986968994,0.00022030067339073867,200000
features.5.conv.1.0,7,99.95,3.1822104454040527,0.00021562779147643596,200000
features.5.conv.1.0,7,99.99,3.429581880569458,0.00022719663684256375,200000
features.5.conv.1.0,7,100.0,4.0183186531066895,0.00030341983074322343,200000
features.5.conv.2,7,99.0,3.721740961074829,0.0028449902310967445,200000
features.5.conv.2,7,99.5,4.0222907066345215,0.0013083615340292454,200000
features.5.conv.2,7,99.9,4.546236038208008,0.0005737546016462147,200000
features.5.conv.2,7,99.95,4.752473831176758,0.0005347532569430768,200000
features.5.conv.2,7,99.99,5.208816051483154,0.0005784508539363742,200000
features.5.conv.2,7,100.0,5.998169422149658,0.0007571306778118014,200000
features.6.conv.0.0,7,99.0,9.063797950744629,0.07940357178449631,200000
features.6.conv.0.0,7,99.5,10.361217498779297,0.04384415224194527,200000
features.6.conv.0.0,7,99.9,13.424871444702148,0.014276796951889992,200000
features.6.conv.0.0,7,99.95,14.970464706420898,0.009998337365686893,200000
features.6.conv.0.0,7,99.99,18.613943099975586,0.008190006949007511,200000
features.6.conv.0.0,7,100.0,24.66152000427246,0.01275581680238247,200000
features.6.conv.1.0,7,99.0,1.5589184761047363,0.0025296094827353954,200000
features.6.conv.1.0,7,99.5,1.8989458084106445,0.0007598540978506207,200000
features.6.conv.1.0,7,99.9,2.3894693851470947,0.0001391338009852916,200000
features.6.conv.1.0,7,99.95,2.491225004196167,0.00013037344615440816,200000
features.6.conv.1.0,7,99.99,2.63725209236145,0.0001349272788502276,200000
features.6.conv.1.0,7,100.0,3.4587767124176025,0.00021784544514957815,200000
features.6.conv.2,7,99.0,5.188237190246582,0.006532485131174326,200000
features.6.conv.2,7,99.5,5.65642786026001,0.0028404889162629843,200000
features.6.conv.2,7,99.9,6.479400157928467,0.001143842819146812,200000
features.6.conv.2,7,99.95,6.7460503578186035,0.001077882363460958,200000
features.6.conv.2,7,99.99,7.308584690093994,0.001143846893683076,200000
features.6.conv.2,7,100.0,8.678735733032227,0.0015839672414585948,200000
features.7.conv.0.0,7,99.0,14.408573150634766,0.27305492758750916,200000
features.7.conv.0.0,7,99.5,16.401756286621094,0.17561833560466766,200000
features.7.conv.0.0,7,99.9,21.92629051208496,0.07102487981319427,200000
features.7.conv.0.0,7,99.95,24.457475662231445,0.05439494177699089,200000
features.7.conv.0.0,7,99.99,35.139732360839844,0.03426671400666237,200000
features.7.conv.0.0,7,100.0,54.1087646484375,0.061692625284194946,200000
features.7.conv.1.0,7,99.0,2.1176910400390625,0.0060873632319271564,200000
features.7.conv.1.0,7,99.5,2.4887607097625732,0.003148121992126107,200000
features.7.conv.1.0,7,99.9,3.4315733909606934,0.000652745075058192,200000
features.7.conv.1.0,7,99.95,3.819185733795166,0.000430857966421172,200000
features.7.conv.1.0,7,99.99,4.463370323181152,0.0003752110933419317,200000
features.7.conv.1.0,7,100.0,5.712471008300781,0.0005567954503931105,200000
features.7.conv.2,7,99.0,7.981346607208252,0.026624057441949844,200000
features.7.conv.2,7,99.5,8.862146377563477,0.012396198697388172,200000
features.7.conv.2,7,99.9,10.513315200805664,0.00424070842564106,200000
features.7.conv.2,7,99.95,11.240530967712402,0.00356350583024323,200000
features.7.conv.2,7,99.99,12.765913009643555,0.0036138242576271296,200000
features.7.conv.2,7,100.0,17.012939453125,0.006084317807108164,200000
features.8.conv.0.0,7,99.0,5.644582271575928,0.025147799402475357,200000
features.8.conv.0.0,7,99.5,6.379336833953857,0.013817268423736095,200000
features.8.conv.0.0,7,99.9,8.126280784606934,0.004524544812738895,200000
features.8.conv.0.0,7,99.95,9.005793571472168,0.0033052037470042706,200000
features.8.conv.0.0,7,99.99,10.833657264709473,0.0029154925141483545,200000
features.8.conv.0.0,7,100.0,18.07833480834961,0.006804011762142181,200000
features.8.conv.1.0,7,99.0,1.0089776515960693,0.003192513482645154,200000
features.8.conv.1.0,7,99.5,1.3136152029037476,0.0013642737176269293,200000
features.8.conv.1.0,7,99.9,2.0621206760406494,0.00011123527656309307,200000
features.8.conv.1.0,7,99.95,2.180204391479492,9.931493696058169e-05,200000
features.8.conv.1.0,7,99.99,2.316746711730957,0.00010373887926107273,200000
features.8.conv.1.0,7,100.0,2.9951257705688477,0.00016664569557178766,200000
features.8.conv.2,7,99.0,3.054007053375244,0.006676291581243277,200000
features.8.conv.2,7,99.5,3.5361969470977783,0.0027172418776899576,200000
features.8.conv.2,7,99.9,4.382574558258057,0.000757606525439769,200000
features.8.conv.2,7,99.95,4.678084373474121,0.0006332196062430739,200000
features.8.conv.2,7,99.99,5.3437724113464355,0.0006322682020254433,200000
features.8.conv.2,7,100.0,6.548608303070068,0.0009012817172333598,200000
features.9.conv.0.0,7,99.0,6.93332052230835,0.04643965885043144,200000
features.9.conv.0.0,7,99.5,7.809264183044434,0.028457093983888626,200000
features.9.conv.0.0,7,99.9,10.143074989318848,0.010547957383096218,200000
features.9.conv.0.0,7,99.95,11.261907577514648,0.007824143394827843,200000
features.9.conv.0.0,7,99.99,14.796884536743164,0.005844614468514919,200000
features.9.conv.0.0,7,100.0,25.404048919677734,0.01352495513856411,200000
features.9.conv.1.0,7,99.0,0.8770519495010376,0.0008645132184028625,200000
features.9.conv.1.0,7,99.5,1.0137053728103638,0.0004577426880132407,200000
features.9.conv.1.0,7,99.9,1.365038514137268,0.00010671818017726764,200000
features.9.conv.1.0,7,99.95,1.5093449354171753,7.405227370327339e-05,200000
features.9.conv.1.0,7,99.99,1.8198282718658447,6.490473606390879e-05,200000
features.9.conv.1.0,7,100.0,2.3934485912323,0.00010175512579735368,200000
features.9.conv.2,7,99.0,2.3255226612091064,0.00566597655415535,200000
features.9.conv.2,7,99.5,2.5857431888580322,0.0038426672108471394,200000
features.9.conv.2,7,99.9,3.461621046066284,0.0013285125605762005,200000
features.9.conv.2,7,99.95,4.077359676361084,0.0007648786995559931,200000
features.9.conv.2,7,99.99,5.4198198318481445,0.0006410940550267696,200000
features.9.conv.2,7,100.0,6.694462776184082,0.0009452923550270498,200000
features.10.conv.0.0,7,99.0,7.357044219970703,0.10502820461988449,200000
features.10.conv.0.0,7,99.5,8.588226318359375,0.06702729314565659,200000
features.10.conv.0.0,7,99.9,12.247298240661621,0.022891923785209656,200000
features.10.conv.0.0,7,99.95,14.110888481140137,0.015491277910768986,200000
features.10.conv.0.0,7,99.99,19.950809478759766,0.010043032467365265,200000
features.10.conv.0.0,7,100.0,28.809450149536133,0.017428256571292877,200000
features.10.conv.1.0,7,99.0,0.8522104620933533,0.0006966275977902114,200000
features.10.conv.1.0,7,99.5,0.9839292168617249,0.000358568417141214,200000
features.10.conv.1.0,7,99.9,1.2527331113815308,0.0001329062069999054,200000
features.10.conv.1.0,7,99.95,1.342090129852295,0.00011274153075646609,200000
features.10.conv.1.0,7,99.99,1.594159722328186,9.106740617426112e-05,200000
features.10.conv.1.0,7,100.0,3.2564988136291504,0.00018224495579488575,200000
features.10.conv.2,7,99.0,2.0344996452331543,0.012270597741007805,200000
features.10.conv.2,7,99.5,2.265808343887329,0.010141981765627861,200000
features.10.conv.2,7,99.9,3.4472906589508057,0.004645085893571377,200000
features.10.conv.2,7,99.95,4.29937219619751,0.0028359389398247004,200000
features.10.conv.2,7,99.99,7.632441997528076,0.0012550854589790106,200000
features.10.conv.2,7,100.0,8.7041015625,0.0015883584273979068,200000
features.11.conv.0.0,7,99.0,9.908596992492676,0.2998279929161072,200000
features.11.conv.0.0,7,99.5,11.279151916503906,0.2440989464521408,200000
features.11.conv.0.0,7,99.9,15.16352653503418,0.1662929654121399,200000
features.11.conv.0.0,7,99.95,18.34321403503418,0.13297609984874725,200000
features.11.conv.0.0,7,99.99,30.8312931060791,0.07272797077894211,200000
features.11.conv.0.0,7,100.0,71.4135513305664,0.1073751375079155,200000
features.11.conv.1.0,7,99.0,1.2933601140975952,0.007961389608681202,200000
features.11.conv.1.0,7,99.5,1.545992374420166,0.005612451117485762,200000
features.11.conv.1.0,7,99.9,3.2644519805908203,0.00025965002714656293,200000
features.11.conv.1.0,7,99.95,3.4665544033050537,0.00023098522797226906,200000
features.11.conv.1.0,7,99.99,3.6588807106018066,0.0002445642021484673,200000
features.11.conv.1.0,7,100.0,3.899794816970825,0.00027563716867007315,200000
features.11.conv.2,7,99.0,5.770296573638916,0.012956636026501656,200000
features.11.conv.2,7,99.5,6.340890884399414,0.006720160134136677,200000
features.11.conv.2,7,99.9,7.561914443969727,0.00247328937985003,200000
features.11.conv.2,7,99.95,8.086039543151855,0.0020181720610708,200000
features.11.conv.2,7,99.99,9.397500991821289,0.001960486639291048,200000
features.11.conv.2,7,100.0,11.624481201171875,0.002832527970895171,200000
features.12.conv.0.0,7,99.0,4.983264446258545,0.07259169220924377,200000
features.12.conv.0.0,7,99.5,5.687090873718262,0.056734561920166016,200000
features.12.conv.0.0,7,99.9,8.014222145080566,0.030495427548885345,200000
features.12.conv.0.0,7,99.95,10.511554718017578,0.01713477075099945,200000
features.12.conv.0.0,7,99.99,17.75399398803711,0.0075767869129776955,200000
features.12.conv.0.0,7,100.0,24.05785369873047,0.012152780778706074,200000
features.12.conv.1.0,7,99.0,0.6715579032897949,0.0007022222853265703,200000
features.12.conv.1.0,7,99.5,0.7780658602714539,0.0004304673057049513,200000
features.12.conv.1.0,7,99.9,1.0690984725952148,0.00015403343422804028,200000
features.12.conv.1.0,7,99.95,1.1744250059127808,0.00012267108832020313,200000
features.12.conv.1.0,7,99.99,1.5045667886734009,8.110946509987116e-05,200000
features.12.conv.1.0,7,100.0,2.899458646774292,0.00013642688281834126,200000
features.12.conv.2,7,99.0,2.8199920654296875,0.0016193079063668847,200000
features.12.conv.2,7,99.5,3.034860372543335,0.000803038477897644,200000
features.12.conv.2,7,99.9,3.4407503604888916,0.00035647369804792106,200000
features.12.conv.2,7,99.95,3.6033287048339844,0.00032521967659704387,200000
features.12.conv.2,7,99.99,3.998621940612793,0.0003442506422288716,200000
features.12.conv.2,7,100.0,4.6869683265686035,0.00046255748020485044,200000
features.13.conv.0.0,7,99.0,6.093778133392334,0.09819578379392624,200000
features.13.conv.0.0,7,99.5,6.990061283111572,0.0741557702422142,200000
features.13.conv.0.0,7,99.9,9.879390716552734,0.03803842142224312,200000
features.13.conv.0.0,7,99.95,12.223623275756836,0.024885913357138634,200000
features.13.conv.0.0,7,99.99,19.634475708007812,0.012634506449103355,200000
features.13.conv.0.0,7,100.0,40.13310241699219,0.03376804664731026,200000
features.13.conv.1.0,7,99.0,0.6362852454185486,0.0008267958182841539,200000
features.13.conv.1.0,7,99.5,0.7258485555648804,0.0006003337330184877,200000
features.13.conv.1.0,7,99.9,1.002037525177002,0.00028894818387925625,200000
features.13.conv.1.0,7,99.95,1.164900541305542,0.00020621647126972675,200000
features.13.conv.1.0,7,99.99,1.891558289527893,8.286836964543909e-05,200000
features.13.conv.1.0,7,100.0,2.9252357482910156,0.00013158844376448542,200000
features.13.conv.2,7,99.0,2.7521095275878906,0.0014558727853000164,200000
features.13.conv.2,7,99.5,2.9721930027008057,0.0006522139883600175,200000
features.13.conv.2,7,99.9,3.357372283935547,0.00028672569897025824,200000
features.13.conv.2,7,99.95,3.479144334793091,0.0002765712852124125,200000
features.13.conv.2,7,99.99,3.7375121116638184,0.00029618683038279414,200000
features.13.conv.2,7,100.0,4.085232257843018,0.0003502860781736672,200000
features.14.conv.0.0,7,99.0,8.828446388244629,0.09094361960887909,200000
features.14.conv.0.0,7,99.5,9.963361740112305,0.05960259586572647,200000
features.14.conv.0.0,7,99.9,13.027750015258789,0.026144417002797127,200000
features.14.conv.0.0,7,99.95,14.885627746582031,0.018796417862176895,200000
features.14.conv.0.0,7,99.99,19.84200096130371,0.01286619994789362,200000
features.14.conv.0.0,7,100.0,34.32820510864258,0.02475900948047638,200000
features.14.conv.1.0,7,99.0,0.8467997312545776,0.023841537535190582,200000
features.14.conv.1.0,7,99.5,1.0622707605361938,0.020833291113376617,200000
features.14.conv.1.0,7,99.9,3.6168179512023926,0.003148147603496909,200000
features.14.conv.1.0,7,99.95,5.631356716156006,0.00039537009433843195,200000
features.14.conv.1.0,7,99.99,5.680599212646484,0.00040123439976014197,200000
features.14.conv.1.0,7,100.0,5.732210159301758,0.000408102641813457,200000
features.14.conv.2,7,99.0,5.219951152801514,0.006869093514978886,200000
features.14.conv.2,7,99.5,5.630936622619629,0.0037037574220448732,200000
features.14.conv.2,7,99.9,6.463324546813965,0.0016501802019774914,200000
features.14.conv.2,7,99.95,6.875096321105957,0.00139243237208575,200000
features.14.conv.2,7,99.99,7.947235584259033,0.001386344782076776,200000
features.14.conv.2,7,100.0,9.799055099487305,0.002018591621890664,200000
features.15.conv.0.0,7,99.0,4.179995059967041,0.02096773497760296,200000
features.15.conv.0.0,7,99.5,4.81928825378418,0.011755231767892838,200000
features.15.conv.0.0,7,99.9,6.566159248352051,0.003121719928458333,200000
features.15.conv.0.0,7,99.95,7.295525550842285,0.002238021930679679,200000
features.15.conv.0.0,7,99.99,8.81446361541748,0.0019227297743782401,200000
features.15.conv.0.0,7,100.0,12.5729398727417,0.0033106328919529915,200000
features.15.conv.1.0,7,99.0,0.6712321639060974,0.000480473245261237,200000
features.15.conv.1.0,7,99.5,0.7525549530982971,0.00032364967046305537,200000
features.15.conv.1.0,7,99.9,0.9593295454978943,0.0001643051509745419,200000
features.15.conv.1.0,7,99.95,1.0641716718673706,0.00013194949133321643,200000
features.15.conv.1.0,7,99.99,1.4059827327728271,8.782587974565104e-05,200000
features.15.conv.1.0,7,100.0,2.9431326389312744,0.0001577792427269742,200000
features.15.conv.2,7,99.0,2.0601999759674072,0.001614780630916357,200000
features.15.conv.2,7,99.5,2.2505364418029785,0.00086580915376544,200000
features.15.conv.2,7,99.9,2.709369659423828,0.00028774121892638505,200000
features.15.conv.2,7,99.95,2.9095237255096436,0.0002387694694334641,200000
features.15.conv.2,7,99.99,3.303288459777832,0.00024200664483942091,200000
features.15.conv.2,7,100.0,4.1793599128723145,0.00036660616751760244,200000
features.16.conv.0.0,7,99.0,6.298532485961914,0.0289227906614542,200000
features.16.conv.0.0,7,99.5,7.1388726234436035,0.014726484194397926,200000
features.16.conv.0.0,7,99.9,8.997032165527344,0.0043954793363809586,200000
features.16.conv.0.0,7,99.95,9.898053169250488,0.003282770747318864,200000
features.16.conv.0.0,7,99.99,11.52109146118164,0.0031134607270359993,200000
features.16.conv.0.0,7,100.0,15.617576599121094,0.005125082563608885,200000
features.16.conv.1.0,7,99.0,0.7365075349807739,0.0014574856031686068,200000
features.16.conv.1.0,7,99.5,0.854869544506073,0.0010301091242581606,200000
features.16.conv.1.0,7,99.9,1.3122766017913818,0.00032348590320907533,200000
features.16.conv.1.0,7,99.95,1.6152523756027222,0.00016658729873597622,200000
features.16.conv.1.0,7,99.99,2.2483606338500977,9.87389066722244e-05,200000
features.16.conv.1.0,7,100.0,3.347992420196533,0.00018753716722130775,200000
features.16.conv.2,7,99.0,1.6934677362442017,0.001017975970171392,200000
features.16.conv.2,7,99.5,1.8831782341003418,0.00042018669773824513,200000
features.16.conv.2,7,99.9,2.2079520225524902,0.00014448876027017832,200000
features.16.conv.2,7,99.95,2.3164994716644287,0.0001324624608969316,200000
features.16.conv.2,7,99.99,2.532412052154541,0.00013950913853477687,200000
features.16.conv.2,7,100.0,3.10532546043396,0.00020244850020390004,200000
features.17.conv.0.0,7,99.0,8.283011436462402,0.07961821556091309,200000
features.17.conv.0.0,7,99.5,9.539258003234863,0.044240131974220276,200000
features.17.conv.0.0,7,99.9,12.925082206726074,0.011270297691226006,200000
features.17.conv.0.0,7,99.95,14.324568748474121,0.007945077493786812,200000
features.17.conv.0.0,7,99.99,17.592830657958984,0.006904804613441229,200000
features.17.conv.0.0,7,100.0,21.577199935913086,0.009771906770765781,200000
features.17.conv.1.0,7,99.0,0.5511783957481384,0.004723910707980394,200000
features.17.conv.1.0,7,99.5,0.6647875905036926,0.004063069820404053,200000
features.17.conv.1.0,7,99.9,1.5286750793457031,0.001400874461978674,200000
features.17.conv.1.0,7,99.95,2.595499277114868,0.0002890629693865776,200000
features.17.conv.1.0,7,99.99,3.5392844676971436,0.00019173877080902457,200000
features.17.conv.1.0,7,100.0,4.171540260314941,0.000249193370109424,200000
features.17.conv.2,7,99.0,3.64035701751709,0.009938542731106281,200000
features.17.conv.2,7,99.5,4.189124584197998,0.004322029184550047,200000
features.17.conv.2,7,99.9,5.302456378936768,0.0009674412431195378,200000
features.17.conv.2,7,99.95,5.653775215148926,0.0008222291362471879,200000
features.17.conv.2,7,99.99,6.309703350067139,0.0008540135459043086,200000
features.17.conv.2,7,100.0,7.497158527374268,0.0011818923521786928,200000
features.18.0,7,99.0,4.271937370300293,0.011918394826352596,200000
features.18.0,7,99.5,4.854647636413574,0.00560228805989027,200000
features.18.0,7,99.9,6.024775505065918,0.0016580813098698854,200000
features.18.0,7,99.95,6.460760116577148,0.0013457901077345014,200000
features.18.0,7,99.99,7.493778228759766,0.0012809314066544175,200000
features.18.0,7,100.0,10.3041410446167,0.0022320409771054983,200000
classifier.1,7,99.0,16.628416061401367,0.034851524978876114,10240
classifier.1,7,99.5,17.676279067993164,0.01649102196097374,10240
classifier.1,7,99.9,19.48242950439453,0.008455788716673851,10240
classifier.1,7,99.95,19.958026885986328,0.00846319179981947,10240
classifier.1,7,99.99,20.55373764038086,0.008871863596141338,10240
classifier.1,7,100.0,21.204084396362305,0.009416209533810616,10240
features.0.0,6,99.0,5.149247169494629,0.12197328358888626,200000
features.0.0,6,99.5,6.611125469207764,0.07268192619085312,200000
features.0.0,6,99.9,10.565325736999512,0.024699455127120018,200000
features.0.0,6,99.95,12.906425476074219,0.0193085428327322,200000
features.0.0,6,99.99,16.881742477416992,0.022472836077213287,200000
features.0.0,6,100.0,22.0313663482666,0.035225264728069305,200000
features.1.conv.0.0,6,99.0,3.7848129272460938,0.24319203197956085,200000
features.1.conv.0.0,6,99.5,5.1991376876831055,0.16906234622001648,200000
features.1.conv.0.0,6,99.9,13.246736526489258,0.01822768896818161,200000
features.1.conv.0.0,6,99.95,15.416154861450195,0.015767334029078484,200000
features.1.conv.0.0,6,99.99,17.72553062438965,0.017941078171133995,200000
features.1.conv.0.0,6,100.0,17.78510856628418,0.018023110926151276,200000
features.1.conv.1,6,99.0,7.858859539031982,0.026478417217731476,200000
features.1.conv.1,6,99.5,8.604572296142578,0.016395587474107742,200000
features.1.conv.1,6,99.9,10.31390380859375,0.010832130908966064,200000
features.1.conv.1,6,99.95,11.043750762939453,0.01116117462515831,200000
features.1.conv.1,6,99.99,12.314453125,0.013277287594974041,200000
features.1.conv.1,6,100.0,14.374408721923828,0.017911093309521675,200000
features.2.conv.0.0,6,99.0,14.208623886108398,0.4784191846847534,200000
features.2.conv.0.0,6,99.5,17.030807495117188,0.29119783639907837,200000
features.2.conv.0.0,6,99.9,25.31431007385254,0.1116497591137886,200000
features.2.conv.0.0,6,99.95,28.578510284423828,0.10227946192026138,200000
features.2.conv.0.0,6,99.99,37.50457000732422,0.12904857099056244,200000
features.2.conv.0.0,6,100.0,54.83901596069336,0.2568981349468231,200000
features.2.conv.1.0,6,99.0,5.047359943389893,0.013838227838277817,200000
features.2.conv.1.0,6,99.5,5.718573093414307,0.006608870811760426,200000
features.2.conv.1.0,6,99.9,6.9757561683654785,0.003928260412067175,200000
features.2.conv.1.0,6,99.95,7.084847450256348,0.00400422653183341,200000
features.2.conv.1.0,6,99.99,7.756723403930664,0.004661877173930407,200000
features.2.conv.1.0,6,100.0,8.390134811401367,0.0054390924051404,200000
features.2.conv.2,6,99.0,8.368631362915039,0.019103407859802246,200000
features.2.conv.2,6,99.5,8.983101844787598,0.012591639533638954,200000
features.2.conv.2,6,99.9,10.32536792755127,0.009773239493370056,200000
features.2.conv.2,6,99.95,10.792752265930176,0.010286659933626652,200000
features.2.conv.2,6,99.99,11.5401611328125,0.011561069637537003,200000
features.2.conv.2,6,100.0,12.715088844299316,0.014054156839847565,200000
features.3.conv.0.0,6,99.0,9.901541709899902,0.17339149117469788,200000
features.3.conv.0.0,6,99.5,11.7911958694458,0.09792540222406387,200000
features.3.conv.0.0,6,99.9,16.715511322021484,0.03765440359711647,200000
features.3.conv.0.0,6,99.95,18.901962280273438,0.03574003279209137,200000
features.3.conv.0.0,6,99.99,22.633371353149414,0.04475613310933113,200000
features.3.conv.0.0,6,100.0,28.934471130371094,0.07233574986457825,200000
features.3.conv.1.0,6,99.0,2.4267094135284424,0.017742175608873367,200000
features.3.conv.1.0,6,99.5,3.7752668857574463,0.0017265771748498082,200000
features.3.conv.1.0,6,99.9,4.271439075469971,0.0013824851484969258,200000
features.3.conv.1.0,6,99.95,4.332859516143799,0.0014143805019557476,200000
features.3.conv.1.0,6,99.99,4.413571357727051,0.001462276908569038,200000
features.3.conv.1.0,6,100.0,4.8769683837890625,0.0017750540282577276,200000
features.3.conv.2,6,99.0,5.839255332946777,0.0072820368222892284,200000
features.3.conv.2,6,99.5,6.229008674621582,0.005016461946070194,200000
features.3.conv.2,6,99.9,6.922595500946045,0.004384560510516167,200000
features.3.conv.2,6,99.95,7.192957401275635,0.004568217322230339,200000
features.3.conv.2,6,99.99,7.787344455718994,0.005281687714159489,200000
features.3.conv.2,6,100.0,8.210935592651367,0.00585614237934351,200000
features.4.conv.0.0,6,99.0,16.82462501525879,0.31595155596733093,200000
features.4.conv.0.0,6,99.5,19.517292022705078,0.17696847021579742,200000
features.4.conv.0.0,6,99.9,25.911867141723633,0.08396118879318237,200000
features.4.conv.0.0,6,99.95,28.411279678344727,0.08271031081676483,200000
features.4.conv.0.0,6,99.99,34.31729507446289,0.10431403666734695,200000
features.4.conv.0.0,6,100.0,48.844993591308594,0.20725131034851074,200000
features.4.conv.1.0,6,99.0,4.873934745788574,0.015827368944883347,200000
features.4.conv.1.0,6,99.5,5.6885528564453125,0.006395324133336544,200000
features.4.conv.1.0,6,99.9,6.898764610290527,0.0036948099732398987,200000
features.4.conv.1.0,6,99.95,7.262343883514404,0.00386609323322773,200000
features.4.conv.1.0,6,99.99,7.7224202156066895,0.0042726811952888966,200000
features.4.conv.1.0,6,100.0,8.500541687011719,0.005147211719304323,200000
features.4.conv.2,6,99.0,6.44293212890625,0.01786055788397789,200000
features.4.conv.2,6,99.5,7.163896560668945,0.009729339741170406,200000
features.4.conv.2,6,99.9,8.503118515014648,0.006767548155039549,200000
features.4.conv.2,6,99.95,8.981034278869629,0.007162895984947681,200000
features.4.conv.2,6,99.99,9.564908981323242,0.007956724613904953,200000
features.4.conv.2,6,100.0,12.004716873168945,0.012525036931037903,200000
features.5.conv.0.0,6,99.0,7.0838236808776855,0.03925258666276932,200000
features.5.conv.0.0,6,99.5,7.9404401779174805,0.024081503972411156,200000
features.5.conv.0.0,6,99.9,10.184235572814941,0.012546945363283157,200000
features.5.conv.0.0,6,99.95,11.143184661865234,0.012440579943358898,200000
features.5.conv.0.0,6,99.99,13.331658363342285,0.015664033591747284,200000
features.5.conv.0.0,6,100.0,17.604467391967773,0.026851436123251915,200000
features.5.conv.1.0,6,99.0,2.0069832801818848,0.0072813378646969795,200000
features.5.conv.1.0,6,99.5,2.8718345165252686,0.000885755755007267,200000
features.5.conv.1.0,6,99.9,3.119863986968994,0.0007827377412468195,200000
features.5.conv.1.0,6,99.95,3.1822104454040527,0.0008011218160390854,200000
features.5.conv.1.0,6,99.99,3.429581880569458,0.0009076599963009357,200000
features.5.conv.1.0,6,100.0,4.0183186531066895,0.0012364903232082725,200000
features.5.conv.2,6,99.0,3.721740961074829,0.0037501330953091383,200000
features.5.conv.2,6,99.5,4.0222907066345215,0.0023699195589870214,200000
features.5.conv.2,6,99.9,4.546236038208008,0.0019311554497107863,200000
features.5.conv.2,6,99.95,4.752473831176758,0.0020252037793397903,200000
features.5.conv.2,6,99.99,5.208816051483154,0.0023605620954185724,200000
features.5.conv.2,6,100.0,5.998169422149658,0.003118906868621707,200000
features.6.conv.0.0,6,99.0,9.063797950744629,0.08476589620113373,200000
features.6.conv.0.0,6,99.5,10.361217498779297,0.050878945738077164,200000
features.6.conv.0.0,6,99.9,13.424871444702148,0.02603723108768463,200000
features.6.conv.0.0,6,99.95,14.970464706420898,0.024758879095315933,200000
features.6.conv.0.0,6,99.99,18.613943099975586,0.030987417325377464,200000
features.6.conv.0.0,6,100.0,24.66152000427246,0.05280696600675583,200000
features.6.conv.1.0,6,99.0,1.5589184761047363,0.002666030079126358,200000
features.6.conv.1.0,6,99.5,1.8989458084106445,0.0009626428363844752,200000
features.6.conv.1.0,6,99.9,2.3894693851470947,0.0004608324379660189,200000
features.6.conv.1.0,6,99.95,2.491225004196167,0.00047971229651011527,200000
features.6.conv.1.0,6,99.99,2.63725209236145,0.0005252049886621535,200000
features.6.conv.1.0,6,100.0,3.4587767124176025,0.000882073538377881,200000
features.6.conv.2,6,99.0,5.188237190246582,0.008282594382762909,200000
features.6.conv.2,6,99.5,5.65642786026001,0.004928634036332369,200000
features.6.conv.2,6,99.9,6.479400157928467,0.0039057903923094273,200000
features.6.conv.2,6,99.95,6.7460503578186035,0.004076035693287849,200000
features.6.conv.2,6,99.99,7.308584690093994,0.004655825439840555,200000
features.6.conv.2,6,100.0,8.678735733032227,0.0065154326148331165,200000
features.7.conv.0.0,6,99.0,14.408573150634766,0.2865617871284485,200000
features.7.conv.0.0,6,99.5,16.401756286621094,0.19319017231464386,200000
features.7.conv.0.0,6,99.9,21.92629051208496,0.10257073491811752,200000
features.7.conv.0.0,6,99.95,24.457475662231445,0.0933803990483284,200000
features.7.conv.0.0,6,99.99,35.139732360839844,0.11578348278999329,200000
features.7.conv.0.0,6,100.0,54.1087646484375,0.2533584535121918,200000
features.7.conv.1.0,6,99.0,2.1176910400390625,0.006324570160359144,200000
features.7.conv.1.0,6,99.5,2.4887607097625732,0.0034754821099340916,200000
features.7.conv.1.0,6,99.9,3.4315733909606934,0.0012756416108459234,200000
features.7.conv.1.0,6,99.95,3.819185733795166,0.0012002593139186502,200000
features.7.conv.1.0,6,99.99,4.463370323181152,0.0014176529366523027,200000
features.7.conv.1.0,6,100.0,5.712471008300781,0.002255637664347887,200000
features.7.conv.2,6,99.0,7.981346607208252,0.030751952901482582,200000
features.7.conv.2,6,99.5,8.862146377563477,0.01753237470984459,200000
features.7.conv.2,6,99.9,10.513315200805664,0.011486681178212166,200000
features.7.conv.2,6,99.95,11.240530967712402,0.011868111789226532,200000
features.7.conv.2,6,99.99,12.765913009643555,0.01430563721805811,200000
features.7.conv.2,6,100.0,17.012939453125,0.025073925033211708,200000
features.8.conv.0.0,6,99.0,5.644582271575928,0.027218062430620193,200000
features.8.conv.0.0,6,99.5,6.379336833953857,0.016464656218886375,200000
features.8.conv.0.0,6,99.9,8.126280784606934,0.008830210193991661,200000
features.8.conv.0.0,6,99.95,9.005793571472168,0.008570789359509945,200000
features.8.conv.0.0,6,99.99,10.833657264709473,0.010602759197354317,200000
features.8.conv.0.0,6,100.0,18.07833480834961,0.02818307839334011,200000
features.8.conv.1.0,6,99.0,1.0089776515960693,0.003251407528296113,200000
features.8.conv.1.0,6,99.5,1.3136152029037476,0.0014647430507466197,200000
features.8.conv.1.0,6,99.9,2.0621206760406494,0.00035568297607824206,200000
features.8.conv.1.0,6,99.95,2.180204391479492,0.00037248077569529414,200000
features.8.conv.1.0,6,99.99,2.316746711730957,0.0004117357893846929,200000
features.8.conv.1.0,6,100.0,2.9951257705688477,0.0006773494533263147,200000
features.8.conv.2,6,99.0,3.054007053375244,0.007286954205483198,200000
features.8.conv.2,6,99.5,3.5361969470977783,0.0035364285577088594,200000
features.8.conv.2,6,99.9,4.382574558258057,0.0020221115555614233,200000
features.8.conv.2,6,99.95,4.678084373474121,0.002062455518171191,200000
features.8.conv.2,6,99.99,5.3437724113464355,0.0025054248981177807,200000
features.8.conv.2,6,100.0,6.548608303070068,0.0037100829649716616,200000
features.9.conv.0.0,6,99.0,6.93332052230835,0.04955710843205452,200000
features.9.conv.0.0,6,99.5,7.809264183044434,0.03245249018073082,200000
features.9.conv.0.0,6,99.9,10.143074989318848,0.017267344519495964,200000
features.9.conv.0.0,6,99.95,11.261907577514648,0.016149166971445084,200000
features.9.conv.0.0,6,99.99,14.796884536743164,0.020169539377093315,200000
features.9.conv.0.0,6,100.0,25.404048919677734,0.05587819963693619,200000
features.9.conv.1.0,6,99.0,0.8770519495010376,0.0009068931685760617,200000
features.9.conv.1.0,6,99.5,1.0137053728103638,0.0005145577597431839,200000
features.9.conv.1.0,6,99.9,1.365038514137268,0.0002095600066240877,200000
features.9.conv.1.0,6,99.95,1.5093449354171753,0.00019948440603911877,200000
features.9.conv.1.0,6,99.99,1.8198282718658447,0.0002460882824379951,200000
features.9.conv.1.0,6,100.0,2.3934485912323,0.0004109277215320617,200000
features.9.conv.2,6,99.0,2.3255226612091064,0.006017641164362431,200000
features.9.conv.2,6,99.5,2.5857431888580322,0.004280391149222851,200000
features.9.conv.2,6,99.9,3.461621046066284,0.002114685019478202,200000
features.9.conv.2,6,99.95,4.077359676361084,0.0018571928376331925,200000
features.9.conv.2,6,99.99,5.4198198318481445,0.002564998809248209,200000
features.9.conv.2,6,100.0,6.694462776184082,0.0038866009563207626,200000
features.10.conv.0.0,6,99.0,7.357044219970703,0.1085418164730072,200000
features.10.conv.0.0,6,99.5,8.588226318359375,0.0718693658709526,200000
features.10.conv.0.0,6,99.9,12.247298240661621,0.032756492495536804,200000
features.10.conv.0.0,6,99.95,14.110888481140137,0.028549805283546448,200000
features.10.conv.0.0,6,99.99,19.950809478759766,0.036189138889312744,200000
features.10.conv.0.0,6,100.0,28.809450149536133,0.0719776526093483,200000
features.10.conv.1.0,6,99.0,0.8522104620933533,0.0007357018766924739,200000
features.10.conv.1.0,6,99.5,0.9839292168617249,0.00041087905992753804,200000
features.10.conv.1.0,6,99.9,1.2527331113815308,0.00021794060012325644,200000
features.10.conv.1.0,6,99.95,1.342090129852295,0.00020976005180273205,200000
features.10.conv.1.0,6,99.99,1.594159722328186,0.0002268294192617759,200000
features.10.conv.1.0,6,100.0,3.2564988136291504,0.0007179061067290604,200000
features.10.conv.2,6,99.0,2.0344996452331543,0.01254067663103342,200000
features.10.conv.2,6,99.5,2.265808343887329,0.010478212498128414,200000
features.10.conv.2,6,99.9,3.4472906589508057,0.00542725482955575,200000
features.10.conv.2,6,99.95,4.29937219619751,0.004049167037010193,200000
features.10.conv.2,6,99.99,7.632441997528076,0.005095666274428368,200000
features.10.conv.2,6,100.0,8.7041015625,0.006587255746126175,200000
features.11.conv.0.0,6,99.0,9.908596992492676,0.30623194575309753,200000
features.11.conv.0.0,6,99.5,11.279151916503906,0.2523885667324066,200000
features.11.conv.0.0,6,99.9,15.16352653503418,0.18141484260559082,200000
features.11.conv.0.0,6,99.95,18.34321403503418,0.15505370497703552,200000
features.11.conv.0.0,6,99.99,30.8312931060791,0.13511745631694794,200000
features.11.conv.0.0,6,100.0,71.4135513305664,0.4408706724643707,200000
features.11.conv.1.0,6,99.0,1.2933601140975952,0.008056333288550377,200000
features.11.conv.1.0,6,99.5,1.545992374420166,0.0057481261901557446,200000
features.11.conv.1.0,6,99.9,3.2644519805908203,0.0008371767471544445,200000
features.11.conv.1.0,6,99.95,3.4665544033050537,0.0008834178443066776,200000
features.11.conv.1.0,6,99.99,3.6588807106018066,0.0009693450992926955,200000
features.11.conv.1.0,6,100.0,3.899794816970825,0.0010934227611869574,200000
features.11.conv.2,6,99.0,5.770296573638916,0.01511430088430643,200000
features.11.conv.2,6,99.5,6.340890884399414,0.009351439774036407,200000
features.11.conv.2,6,99.9,7.561914443969727,0.006210380233824253,200000
features.11.conv.2,6,99.95,8.086039543151855,0.006299613509327173,200000
features.11.conv.2,6,99.99,9.397500991821289,0.007743082474917173,200000
features.11.conv.2,6,100.0,11.624481201171875,0.011685632169246674,200000
features.12.conv.0.0,6,99.0,4.983264446258545,0.07419881969690323,200000
features.12.conv.0.0,6,99.5,5.687090873718262,0.05884639546275139,200000
features.12.conv.0.0,6,99.9,8.014222145080566,0.034714389592409134,200000
features.12.conv.0.0,6,99.95,10.511554718017578,0.02437693439424038,200000
features.12.conv.0.0,6,99.99,17.75399398803711,0.02830551564693451,200000
features.12.conv.0.0,6,100.0,24.05785369873047,0.05016155168414116,200000
features.12.conv.1.0,6,99.0,0.6715579032897949,0.0007253414951264858,200000
features.12.conv.1.0,6,99.5,0.7780658602714539,0.00046143188956193626,200000
features.12.conv.1.0,6,99.9,1.0690984725952148,0.0002123216399922967,200000
features.12.conv.1.0,6,99.95,1.1744250059127808,0.00019309278286527842,200000
features.12.conv.1.0,6,99.99,1.5045667886734009,0.0001949221477843821,200000
features.12.conv.1.0,6,100.0,2.899458646774292,0.0005436905194073915,200000
features.12.conv.2,6,99.0,2.8199920654296875,0.002136813011020422,200000
features.12.conv.2,6,99.5,3.034860372543335,0.0014061395777389407,200000
features.12.conv.2,6,99.9,3.4407503604888916,0.0011347326217219234,200000
features.12.conv.2,6,99.95,3.6033287048339844,0.0011784554226323962,200000
features.12.conv.2,6,99.99,3.998621940612793,0.0013914462178945541,200000
features.12.conv.2,6,100.0,4.6869683265686035,0.0019082913640886545,200000
features.13.conv.0.0,6,99.0,6.093778133392334,0.10060915350914001,200000
features.13.conv.0.0,6,99.5,6.990061283111572,0.07734311372041702,200000
features.13.conv.0.0,6,99.9,9.879390716552734,0.04445352032780647,200000
features.13.conv.0.0,6,99.95,12.223623275756836,0.03468078002333641,200000
features.13.conv.0.0,6,99.99,19.634475708007812,0.037943944334983826,200000
features.13.conv.0.0,6,100.0,40.13310241699219,0.13957622647285461,200000
features.13.conv.1.0,6,99.0,0.6362852454185486,0.0008465448045171797,200000
features.13.conv.1.0,6,99.5,0.7258485555648804,0.0006262499955482781,200000
features.13.conv.1.0,6,99.9,1.002037525177002,0.00033780414378270507,200000
features.13.conv.1.0,6,99.95,1.164900541305542,0.0002714702277444303,200000
features.13.conv.1.0,6,99.99,1.891558289527893,0.00024901857250370085,200000
features.13.conv.1.0,6,100.0,2.9252357482910156,0.0005127980257384479,200000
features.13.conv.2,6,99.0,2.7521095275878906,0.0019494297448545694,200000
features.13.conv.2,6,99.5,2.9721930027008057,0.001229629386216402,200000
features.13.conv.2,6,99.9,3.357372283935547,0.0010277588153257966,200000
features.13.conv.2,6,99.95,3.479144334793091,0.0010719159618020058,200000
features.13.conv.2,6,99.99,3.7375121116638184,0.0012121305335313082,200000
features.13.conv.2,6,100.0,4.085232257843018,0.001443738117814064,200000
features.14.conv.0.0,6,99.0,8.828446388244629,0.09600949287414551,200000
features.14.conv.0.0,6,99.5,9.963361740112305,0.0660640224814415,200000
features.14.conv.0.0,6,99.9,13.027750015258789,0.037241969257593155,200000
features.14.conv.0.0,6,99.95,14.885627746582031,0.03330666199326515,200000
features.14.conv.0.0,6,99.99,19.84200096130371,0.03875602409243584,200000
features.14.conv.0.0,6,100.0,34.32820510864258,0.10236391425132751,200000
features.14.conv.1.0,6,99.0,0.8467997312545776,0.02387002483010292,200000
features.14.conv.1.0,6,99.5,1.0622707605361938,0.020878437906503677,200000
features.14.conv.1.0,6,99.9,3.6168179512023926,0.0036359115038067102,200000
features.14.conv.1.0,6,99.95,5.631356716156006,0.001502599217928946,200000
features.14.conv.1.0,6,99.99,5.680599212646484,0.0015295734629034996,200000
features.14.conv.1.0,6,100.0,5.732210159301758,0.0015597278252243996,200000
features.14.conv.2,6,99.0,5.219951152801514,0.008638218976557255,200000
features.14.conv.2,6,99.5,5.630936622619629,0.0057831029407680035,200000
features.14.conv.2,6,99.9,6.463324546813965,0.0043919761665165424,200000
features.14.conv.2,6,99.95,6.875096321105957,0.004494606517255306,200000
features.14.conv.2,6,99.99,7.947235584259033,0.00552615849301219,200000
features.14.conv.2,6,100.0,9.799055099487305,0.008313694037497044,200000
features.15.conv.0.0,6,99.0,4.179995059967041,0.02209954895079136,200000
features.15.conv.0.0,6,99.5,4.81928825378418,0.013269886374473572,200000
features.15.conv.0.0,6,99.9,6.566159248352051,0.0059322998858988285,200000
features.15.conv.0.0,6,99.95,7.295525550842285,0.005721071735024452,200000
features.15.conv.0.0,6,99.99,8.81446361541748,0.007006736006587744,200000
features.15.conv.0.0,6,100.0,12.5729398727417,0.013702641241252422,200000
features.15.conv.1.0,6,99.0,0.6712321639060974,0.0005059541435912251,200000
features.15.conv.1.0,6,99.5,0.7525549530982971,0.0003559701144695282,200000
features.15.conv.1.0,6,99.9,0.9593295454978943,0.0002169595391023904,200000
features.15.conv.1.0,6,99.95,1.0641716718673706,0.00019652204355224967,200000
features.15.conv.1.0,6,99.99,1.4059827327728271,0.0002000761014642194,200000
features.15.conv.1.0,6,100.0,2.9431326389312744,0.0006349763134494424,200000
features.15.conv.2,6,99.0,2.0601999759674072,0.0018908993806689978,200000
features.15.conv.2,6,99.5,2.2505364418029785,0.0011966967722401023,200000
features.15.conv.2,6,99.9,2.709369659423828,0.0007686425233259797,200000
features.15.conv.2,6,99.95,2.9095237255096436,0.0007925007375888526,200000
features.15.conv.2,6,99.99,3.303288459777832,0.0009604127262718976,200000
features.15.conv.2,6,100.0,4.1793599128723145,0.0015186007367447019,200000
features.16.conv.0.0,6,99.0,6.298532485961914,0.03151145577430725,200000
features.16.conv.0.0,6,99.5,7.1388726234436035,0.018062299117445946,200000
features.16.conv.0.0,6,99.9,8.997032165527344,0.009710361249744892,200000
features.16.conv.0.0,6,99.95,9.898053169250488,0.009719855152070522,200000
features.16.conv.0.0,6,99.99,11.52109146118164,0.01181077305227518,200000
features.16.conv.0.0,6,100.0,15.617576599121094,0.02111976593732834,200000
features.16.conv.1.0,6,99.0,0.7365075349807739,0.001486064400523901,200000
features.16.conv.1.0,6,99.5,0.854869544506073,0.0010685983579605818,200000
features.16.conv.1.0,6,99.9,1.3122766017913818,0.0004140360979363322,200000
features.16.conv.1.0,6,99.95,1.6152523756027222,0.00030243382207117975,200000
features.16.conv.1.0,6,99.99,2.2483606338500977,0.00035976010258309543,200000
features.16.conv.1.0,6,100.0,3.347992420196533,0.0007507420377805829,200000
features.16.conv.2,6,99.0,1.6934677362442017,0.0012046581832692027,200000
features.16.conv.2,6,99.5,1.8831782341003418,0.0006515145651064813,200000
features.16.conv.2,6,99.9,2.2079520225524902,0.0004637736128643155,200000
features.16.conv.2,6,99.95,2.3164994716644287,0.00048363738460466266,200000
features.16.conv.2,6,99.99,2.532412052154541,0.0005610150983557105,200000
features.16.conv.2,6,100.0,3.10532546043396,0.0008349462877959013,200000
features.17.conv.0.0,6,99.0,8.283011436462402,0.08405138552188873,200000
features.17.conv.0.0,6,99.5,9.539258003234863,0.05020652338862419,200000
features.17.conv.0.0,6,99.9,12.925082206726074,0.022267939522862434,200000
features.17.conv.0.0,6,99.95,14.324568748474121,0.02143843285739422,200000
features.17.conv.0.0,6,99.99,17.592830657958984,0.027167372405529022,200000
features.17.conv.0.0,6,100.0,21.577199935913086,0.04039337486028671,200000
features.17.conv.1.0,6,99.0,0.5511783957481384,0.00473772082477808,200000
features.17.conv.1.0,6,99.5,0.6647875905036926,0.004083428997546434,200000
features.17.conv.1.0,6,99.9,1.5286750793457031,0.0015063821338117123,200000
features.17.conv.1.0,6,99.95,2.595499277114868,0.0005812395247630775,200000
features.17.conv.1.0,6,99.99,3.5392844676971436,0.0007095003384165466,200000
features.17.conv.1.0,6,100.0,4.171540260314941,0.0009509016526862979,200000
features.17.conv.2,6,99.0,3.64035701751709,0.010801713913679123,200000
features.17.conv.2,6,99.5,4.189124584197998,0.005467529408633709,200000
features.17.conv.2,6,99.9,5.302456378936768,0.0028097655158489943,200000
features.17.conv.2,6,99.95,5.653775215148926,0.0029133553616702557,200000
features.17.conv.2,6,99.99,6.309703350067139,0.0034617700148373842,200000
features.17.conv.2,6,100.0,7.497158527374268,0.004863415844738483,200000
features.18.0,6,99.0,4.271937370300293,0.013105632737278938,200000
features.18.0,6,99.5,4.854647636413574,0.007150901015847921,200000
features.18.0,6,99.9,6.024775505065918,0.004037534352391958,200000
features.18.0,6,99.95,6.460760116577148,0.0040979222394526005,200000
features.18.0,6,99.99,7.493778228759766,0.004978463053703308,200000
features.18.0,6,100.0,10.3041410446167,0.009219181723892689,200000
classifier.1,6,99.0,16.628416061401367,0.05270202085375786,10240
classifier.1,6,99.5,17.676279067993164,0.037046320736408234,10240
classifier.1,6,99.9,19.48242950439453,0.03342413157224655,10240
classifier.1,6,99.95,19.958026885986328,0.03471604734659195,10240
classifier.1,6,99.99,20.55373764038086,0.036935944110155106,10240
classifier.1,6,100.0,21.204084396362305,0.03937757760286331,10240
