layer_name,weight_shape,num_weights,base_weight_bits,trial_bits,activation_bits,profile_samples,base_accuracy,trial_accuracy,accuracy_drop_pp,saved_kb_vs_base,saving_efficiency_kb_per_pp,num_scales
features.0.0,"(32, 3, 3, 3)",864,7,6,8,2000,95.5,95.15,0.3499999999999943,0.10546875,0.3013392857142906,32
features.0.0,"(32, 3, 3, 3)",864,7,5,8,2000,95.5,94.8,0.7000000000000028,0.2109375,0.3013392857142845,32
features.1.conv.0.0,"(32, 1, 3, 3)",288,7,6,8,2000,95.5,95.0,0.5,0.03515625,0.0703125,32
features.1.conv.0.0,"(32, 1, 3, 3)",288,7,5,8,2000,95.5,93.8,1.7000000000000028,0.0703125,0.04136029411764699,32
features.1.conv.1,"(16, 32, 1, 1)",512,7,6,8,2000,95.5,95.6,-0.09999999999999432,0.0625,6.25,16
features.1.conv.1,"(16, 32, 1, 1)",512,7,5,8,2000,95.5,95.05,0.45000000000000284,0.125,0.277777777777776,16
features.2.conv.0.0,"(96, 16, 1, 1)",1536,7,6,8,2000,95.5,95.45,0.04999999999999716,0.1875,3.750000000000213,96
features.2.conv.0.0,"(96, 16, 1, 1)",1536,7,5,8,2000,95.5,94.95,0.5499999999999972,0.375,0.6818181818181853,96
features.2.conv.1.0,"(96, 1, 3, 3)",864,7,6,8,2000,95.5,95.35,0.15000000000000568,0.10546875,0.7031249999999734,96
features.2.conv.1.0,"(96, 1, 3, 3)",864,7,5,8,2000,95.5,94.85,0.6500000000000057,0.2109375,0.32451923076922795,96
features.2.conv.2,"(24, 96, 1, 1)",2304,7,6,8,2000,95.5,95.2,0.29999999999999716,0.28125,0.9375000000000089,24
features.2.conv.2,"(24, 96, 1, 1)",2304,7,5,8,2000,95.5,94.75,0.75,0.5625,0.75,24
features.3.conv.0.0,"(144, 24, 1, 1)",3456,7,6,8,2000,95.5,95.4,0.09999999999999432,0.421875,4.21875000000024,144
features.3.conv.0.0,"(144, 24, 1, 1)",3456,7,5,8,2000,95.5,95.3,0.20000000000000284,0.84375,4.2187499999999405,144
features.3.conv.1.0,"(144, 1, 3, 3)",1296,7,6,8,2000,95.5,95.3,0.20000000000000284,0.158203125,0.7910156249999888,144
features.3.conv.1.0,"(144, 1, 3, 3)",1296,7,5,8,2000,95.5,95.05,0.45000000000000284,0.31640625,0.7031249999999956,144
features.3.conv.2,"(24, 144, 1, 1)",3456,7,6,8,2000,95.5,95.05,0.45000000000000284,0.421875,0.9374999999999941,24
features.3.conv.2,"(24, 144, 1, 1)",3456,7,5,8,2000,95.5,94.6,0.9000000000000057,0.84375,0.9374999999999941,24
features.4.conv.0.0,"(144, 24, 1, 1)",3456,7,6,8,2000,95.5,94.95,0.5499999999999972,0.421875,0.7670454545454585,144
features.4.conv.0.0,"(144, 24, 1, 1)",3456,7,5,8,2000,95.5,95.4,0.09999999999999432,0.84375,8.43750000000048,144
features.4.conv.1.0,"(144, 1, 3, 3)",1296,7,6,8,2000,95.5,95.5,0.0,0.158203125,15.8203125,144
features.4.conv.1.0,"(144, 1, 3, 3)",1296,7,5,8,2000,95.5,95.15,0.3499999999999943,0.31640625,0.9040178571428719,144
features.4.conv.2,"(32, 144, 1, 1)",4608,7,6,8,2000,95.5,95.1,0.4000000000000057,0.5625,1.40624999999998,32
features.4.conv.2,"(32, 144, 1, 1)",4608,7,5,8,2000,95.5,95.0,0.5,1.125,2.25,32
features.5.conv.0.0,"(192, 32, 1, 1)",6144,7,6,8,2000,95.5,95.3,0.20000000000000284,0.75,3.7499999999999467,192
features.5.conv.0.0,"(192, 32, 1, 1)",6144,7,5,8,2000,95.5,95.1,0.4000000000000057,1.5,3.7499999999999467,192
features.5.conv.1.0,"(192, 1, 3, 3)",1728,7,6,8,2000,95.5,95.1,0.4000000000000057,0.2109375,0.5273437499999926,192
features.5.conv.1.0,"(192, 1, 3, 3)",1728,7,5,8,2000,95.5,95.15,0.3499999999999943,0.421875,1.2053571428571623,192
features.5.conv.2,"(32, 192, 1, 1)",6144,7,6,8,2000,95.5,95.35,0.15000000000000568,0.75,4.999999999999811,32
features.5.conv.2,"(32, 192, 1, 1)",6144,7,5,8,2000,95.5,95.35,0.15000000000000568,1.5,9.999999999999622,32
features.6.conv.0.0,"(192, 32, 1, 1)",6144,7,6,8,2000,95.5,95.25,0.25,0.75,3.0,192
features.6.conv.0.0,"(192, 32, 1, 1)",6144,7,5,8,2000,95.5,95.4,0.09999999999999432,1.5,15.000000000000853,192
features.6.conv.1.0,"(192, 1, 3, 3)",1728,7,6,8,2000,95.5,95.4,0.09999999999999432,0.2109375,2.10937500000012,192
features.6.conv.1.0,"(192, 1, 3, 3)",1728,7,5,8,2000,95.5,95.35,0.15000000000000568,0.421875,2.8124999999998934,192
features.6.conv.2,"(32, 192, 1, 1)",6144,7,6,8,2000,95.5,95.15,0.3499999999999943,0.75,2.142857142857178,32
features.6.conv.2,"(32, 192, 1, 1)",6144,7,5,8,2000,95.5,95.3,0.20000000000000284,1.5,7.499999999999893,32
features.7.conv.0.0,"(192, 32, 1, 1)",6144,7,6,8,2000,95.5,95.05,0.45000000000000284,0.75,1.666666666666656,192
features.7.conv.0.0,"(192, 32, 1, 1)",6144,7,5,8,2000,95.5,95.2,0.29999999999999716,1.5,5.000000000000047,192
features.7.conv.1.0,"(192, 1, 3, 3)",1728,7,6,8,2000,95.5,95.5,0.0,0.2109375,21.09375,192
features.7.conv.1.0,"(192, 1, 3, 3)",1728,7,5,8,2000,95.5,95.3,0.20000000000000284,0.421875,2.1093749999999702,192
features.7.conv.2,"(64, 192, 1, 1)",12288,7,6,8,2000,95.5,95.55,-0.04999999999999716,1.5,150.0,64
features.7.conv.2,"(64, 192, 1, 1)",12288,7,5,8,2000,95.5,93.85,1.6500000000000057,3.0,1.818181818181812,64
features.8.conv.0.0,"(384, 64, 1, 1)",24576,7,6,8,2000,95.5,95.15,0.3499999999999943,3.0,8.571428571428712,384
features.8.conv.0.0,"(384, 64, 1, 1)",24576,7,5,8,2000,95.5,95.45,0.04999999999999716,6.0,120.00000000000682,384
features.8.conv.1.0,"(384, 1, 3, 3)",3456,7,6,8,2000,95.5,95.6,-0.09999999999999432,0.421875,42.1875,384
features.8.conv.1.0,"(384, 1, 3, 3)",3456,7,5,8,2000,95.5,95.35,0.15000000000000568,0.84375,5.624999999999787,384
features.8.conv.2,"(64, 384, 1, 1)",24576,7,6,8,2000,95.5,95.25,0.25,3.0,12.0,64
features.8.conv.2,"(64, 384, 1, 1)",24576,7,5,8,2000,95.5,95.0,0.5,6.0,12.0,64
features.9.conv.0.0,"(384, 64, 1, 1)",24576,7,6,8,2000,95.5,95.25,0.25,3.0,12.0,384
features.9.conv.0.0,"(384, 64, 1, 1)",24576,7,5,8,2000,95.5,95.3,0.20000000000000284,6.0,29.999999999999574,384
features.9.conv.1.0,"(384, 1, 3, 3)",3456,7,6,8,2000,95.5,95.2,0.29999999999999716,0.421875,1.4062500000000133,384
features.9.conv.1.0,"(384, 1, 3, 3)",3456,7,5,8,2000,95.5,95.2,0.29999999999999716,0.84375,2.8125000000000266,384
features.9.conv.2,"(64, 384, 1, 1)",24576,7,6,8,2000,95.5,95.25,0.25,3.0,12.0,64
features.9.conv.2,"(64, 384, 1, 1)",24576,7,5,8,2000,95.5,95.3,0.20000000000000284,6.0,29.999999999999574,64
features.10.conv.0.0,"(384, 64, 1, 1)",24576,7,6,8,2000,95.5,95.4,0.09999999999999432,3.0,30.000000000001705,384
features.10.conv.0.0,"(384, 64, 1, 1)",24576,7,5,8,2000,95.5,95.45,0.04999999999999716,6.0,120.00000000000682,384
features.10.conv.1.0,"(384, 1, 3, 3)",3456,7,6,8,2000,95.5,94.95,0.5499999999999972,0.421875,0.7670454545454585,384
features.10.conv.1.0,"(384, 1, 3, 3)",3456,7,5,8,2000,95.5,95.5,0.0,0.84375,84.375,384
features.10.conv.2,"(64, 384, 1, 1)",24576,7,6,8,2000,95.5,95.35,0.15000000000000568,3.0,19.999999999999243,64
features.10.conv.2,"(64, 384, 1, 1)",24576,7,5,8,2000,95.5,95.6,-0.09999999999999432,6.0,600.0,64
features.11.conv.0.0,"(384, 64, 1, 1)",24576,7,6,8,2000,95.5,95.35,0.15000000000000568,3.0,19.999999999999243,384
features.11.conv.0.0,"(384, 64, 1, 1)",24576,7,5,8,2000,95.5,95.35,0.15000000000000568,6.0,39.99999999999849,384
features.11.conv.1.0,"(384, 1, 3, 3)",3456,7,6,8,2000,95.5,95.2,0.29999999999999716,0.421875,1.4062500000000133,384
features.11.conv.1.0,"(384, 1, 3, 3)",3456,7,5,8,2000,95.5,95.25,0.25,0.84375,3.375,384
features.11.conv.2,"(96, 384, 1, 1)",36864,7,6,8,2000,95.5,95.3,0.20000000000000284,4.5,22.49999999999968,96
features.11.conv.2,"(96, 384, 1, 1)",36864,7,5,8,2000,95.5,95.1,0.4000000000000057,9.0,22.49999999999968,96
features.12.conv.0.0,"(576, 96, 1, 1)",55296,7,6,8,2000,95.5,95.45,0.04999999999999716,6.75,135.00000000000767,576
features.12.conv.0.0,"(576, 96, 1, 1)",55296,7,5,8,2000,95.5,95.15,0.3499999999999943,13.5,38.571428571429195,576
features.12.conv.1.0,"(576, 1, 3, 3)",5184,7,6,8,2000,95.5,95.3,0.20000000000000284,0.6328125,3.164062499999955,576
features.12.conv.1.0,"(576, 1, 3, 3)",5184,7,5,8,2000,95.5,95.45,0.04999999999999716,1.265625,25.31250000000144,576
features.12.conv.2,"(96, 576, 1, 1)",55296,7,6,8,2000,95.5,95.55,-0.04999999999999716,6.75,675.0,96
features.12.conv.2,"(96, 576, 1, 1)",55296,7,5,8,2000,95.5,95.05,0.45000000000000284,13.5,29.99999999999981,96
features.13.conv.0.0,"(576, 96, 1, 1)",55296,7,6,8,2000,95.5,95.35,0.15000000000000568,6.75,44.999999999998295,576
features.13.conv.0.0,"(576, 96, 1, 1)",55296,7,5,8,2000,95.5,95.3,0.20000000000000284,13.5,67.49999999999905,576
features.13.conv.1.0,"(576, 1, 3, 3)",5184,7,6,8,2000,95.5,95.5,0.0,0.6328125,63.28125,576
features.13.conv.1.0,"(576, 1, 3, 3)",5184,7,5,8,2000,95.5,95.75,-0.25,1.265625,126.5625,576
features.13.conv.2,"(96, 576, 1, 1)",55296,7,6,8,2000,95.5,95.3,0.20000000000000284,6.75,33.749999999999524,96
features.13.conv.2,"(96, 576, 1, 1)",55296,7,5,8,2000,95.5,94.85,0.6500000000000057,13.5,20.76923076923059,96
features.14.conv.0.0,"(576, 96, 1, 1)",55296,7,6,8,2000,95.5,95.25,0.25,6.75,27.0,576
features.14.conv.0.0,"(576, 96, 1, 1)",55296,7,5,8,2000,95.5,95.3,0.20000000000000284,13.5,67.49999999999905,576
features.14.conv.1.0,"(576, 1, 3, 3)",5184,7,6,8,2000,95.5,95.65,-0.15000000000000568,0.6328125,63.28125,576
features.14.conv.1.0,"(576, 1, 3, 3)",5184,7,5,8,2000,95.5,95.5,0.0,1.265625,126.5625,576
features.14.conv.2,"(160, 576, 1, 1)",92160,7,6,8,2000,95.5,95.25,0.25,11.25,45.0,160
features.14.conv.2,"(160, 576, 1, 1)",92160,7,5,8,2000,95.5,94.85,0.6500000000000057,22.5,34.615384615384315,160
features.15.conv.0.0,"(960, 160, 1, 1)",153600,7,6,8,2000,95.5,95.55,-0.04999999999999716,18.75,1875.0,960
features.15.conv.0.0,"(960, 160, 1, 1)",153600,7,5,8,2000,95.5,95.45,0.04999999999999716,37.5,750.0000000000426,960
features.15.conv.1.0,"(960, 1, 3, 3)",8640,7,6,8,2000,95.5,95.45,0.04999999999999716,1.0546875,21.0937500000012,960
features.15.conv.1.0,"(960, 1, 3, 3)",8640,7,5,8,2000,95.5,95.25,0.25,2.109375,8.4375,960
features.15.conv.2,"(160, 960, 1, 1)",153600,7,6,8,2000,95.5,95.55,-0.04999999999999716,18.75,1875.0,160
features.15.conv.2,"(160, 960, 1, 1)",153600,7,5,8,2000,95.5,95.15,0.3499999999999943,37.5,107.14285714285889,160
features.16.conv.0.0,"(960, 160, 1, 1)",153600,7,6,8,2000,95.5,95.5,0.0,18.75,1875.0,960
features.16.conv.0.0,"(960, 160, 1, 1)",153600,7,5,8,2000,95.5,95.25,0.25,37.5,150.0,960
features.16.conv.1.0,"(960, 1, 3, 3)",8640,7,6,8,2000,95.5,95.4,0.09999999999999432,1.0546875,10.5468750000006,960
features.16.conv.1.0,"(960, 1, 3, 3)",8640,7,5,8,2000,95.5,95.35,0.15000000000000568,2.109375,14.062499999999467,960
features.16.conv.2,"(160, 960, 1, 1)",153600,7,6,8,2000,95.5,95.4,0.09999999999999432,18.75,187.50000000001066,160
features.16.conv.2,"(160, 960, 1, 1)",153600,7,5,8,2000,95.5,95.25,0.25,37.5,150.0,160
features.17.conv.0.0,"(960, 160, 1, 1)",153600,7,6,8,2000,95.5,95.5,0.0,18.75,1875.0,960
features.17.conv.0.0,"(960, 160, 1, 1)",153600,7,5,8,2000,95.5,95.4,0.09999999999999432,37.5,375.0000000000213,960
features.17.conv.1.0,"(960, 1, 3, 3)",8640,7,6,8,2000,95.5,95.5,0.0,1.0546875,105.46875,960
features.17.conv.1.0,"(960, 1, 3, 3)",8640,7,5,8,2000,95.5,95.55,-0.04999999999999716,2.109375,210.9375,960
features.17.conv.2,"(320, 960, 1, 1)",307200,7,6,8,2000,95.5,95.45,0.04999999999999716,37.5,750.0000000000426,320
features.17.conv.2,"(320, 960, 1, 1)",307200,7,5,8,2000,95.5,95.7,-0.20000000000000284,75.0,7500.0,320
features.18.0,"(1280, 320, 1, 1)",409600,7,6,8,2000,95.5,95.45,0.04999999999999716,50.0,1000.0000000000568,1280
features.18.0,"(1280, 320, 1, 1)",409600,7,5,8,2000,95.5,95.55,-0.04999999999999716,100.0,10000.0,1280
classifier.1,"(10, 1280)",12800,7,6,8,2000,95.5,95.45,0.04999999999999716,1.5625,31.250000000001776,10
classifier.1,"(10, 1280)",12800,7,5,8,2000,95.5,95.55,-0.04999999999999716,3.125,312.5,10
