weight_bits,activation_bits,prune_ratio,baseline_accuracy,test_accuracy,accuracy_drop,test_loss,model_size_mb,original_model_mb,model_compression_ratio,activation_compression_ratio,activation_original_mb,activation_compressed_mb,final_sparsity,weight_value_mb,mask_overhead_mb,scale_overhead_mb,fp32_exception_mb,runtime_seconds
5,7,0.0,95.11,86.53,8.579999999999998,0.6261355516433715,1.5080947875976562,8.532264709472656,5.65764485073532,4.571421516941565,598.9267578125,131.01543045043945,0.1023881301757954,1.3128280639648438,0.0,0.06510162353515625,0.13016510009765625,54.20960211753845
5,7,0.1,95.11,86.22,8.89,0.6479063747406005,1.6195173263549805,8.532264709472656,5.2683997698722225,4.571421516941565,598.9267578125,131.01543045043945,0.11512785122766234,1.1616849899291992,0.26256561279296875,0.06510162353515625,0.13016510009765625,53.27029800415039
5,7,0.2,95.11,86.36,8.75,0.5759815149307251,1.5053672790527344,8.532264709472656,5.667895687783023,4.571421516941565,598.9267578125,131.01543045043945,0.20207758244951335,1.0475349426269531,0.26256561279296875,0.06510162353515625,0.13016510009765625,55.64058232307434
5,7,0.3,95.11,84.83,10.280000000000001,0.5554225179672241,1.3761759996414185,8.532264709472656,6.199980752240887,4.571421516941565,598.9267578125,131.01543045043945,0.30048443629231436,0.9183436632156372,0.26256561279296875,0.06510162353515625,0.13016510009765625,50.928282022476196
5,8,0.0,95.11,88.35,6.760000000000005,0.5364317218780518,1.5080947875976562,8.532264709472656,5.65764485073532,3.9999945989073438,598.9267578125,149.73189163208008,0.1023881301757954,1.3128280639648438,0.0,0.06510162353515625,0.13016510009765625,51.79654574394226
5,8,0.1,95.11,88.3,6.810000000000002,0.547698304271698,1.6195173263549805,8.532264709472656,5.2683997698722225,3.9999945989073438,598.9267578125,149.73189163208008,0.11512785122766234,1.1616849899291992,0.26256561279296875,0.06510162353515625,0.13016510009765625,50.37549376487732
5,8,0.2,95.11,88.54,6.569999999999993,0.4988323392868042,1.5053672790527344,8.532264709472656,5.667895687783023,3.9999945989073438,598.9267578125,149.73189163208008,0.20207758244951335,1.0475349426269531,0.26256561279296875,0.06510162353515625,0.13016510009765625,53.28514099121094
5,8,0.3,95.11,85.71,9.400000000000006,0.5052326168060303,1.3761759996414185,8.532264709472656,6.199980752240887,3.9999945989073438,598.9267578125,149.73189163208008,0.30048443629231436,0.9183436632156372,0.26256561279296875,0.06510162353515625,0.13016510009765625,55.53462505340576
6,7,0.0,95.11,91.19,3.9200000000000017,0.36106879124641417,1.770660400390625,8.532264709472656,4.818690646490064,4.571421516941565,598.9267578125,131.01543045043945,0.050007264274299024,1.5753936767578125,0.0,0.06510162353515625,0.13016510009765625,47.624815940856934
6,7,0.1,95.11,91.16,3.950000000000003,0.3486011672973633,1.87408447265625,8.532264709472656,4.552764207783748,4.571421516941565,598.9267578125,131.01543045043945,0.10101699840185963,1.4162521362304688,0.26256561279296875,0.06510162353515625,0.13016510009765625,56.432061195373535
6,7,0.2,95.11,90.92,4.189999999999998,0.3422805603504181,1.7179956436157227,8.532264709472656,4.966406487222231,4.571421516941565,598.9267578125,131.01543045043945,0.20009625163446176,1.2601633071899414,0.26256561279296875,0.06510162353515625,0.13016510009765625,49.60177206993103
6,7,0.3,95.11,88.28,6.829999999999998,0.3946343858718872,1.5605878829956055,8.532264709472656,5.467340098203674,4.571421516941565,598.9267578125,131.01543045043945,0.30001271248002326,1.1027555465698242,0.26256561279296875,0.06510162353515625,0.13016510009765625,55.59369897842407
6,8,0.0,95.11,93.33,1.7800000000000011,0.2628702012062073,1.770660400390625,8.532264709472656,4.818690646490064,3.9999945989073438,598.9267578125,149.73189163208008,0.050007264274299024,1.5753936767578125,0.0,0.06510162353515625,0.13016510009765625,48.86785912513733
6,8,0.1,95.11,93.43,1.6799999999999926,0.2587818081855774,1.87408447265625,8.532264709472656,4.552764207783748,3.9999945989073438,598.9267578125,149.73189163208008,0.10101699840185963,1.4162521362304688,0.26256561279296875,0.06510162353515625,0.13016510009765625,54.22061491012573
6,8,0.2,95.11,93.04,2.069999999999993,0.2506137053012848,1.7179956436157227,8.532264709472656,4.966406487222231,3.9999945989073438,598.9267578125,149.73189163208008,0.20009625163446176,1.2601633071899414,0.26256561279296875,0.06510162353515625,0.13016510009765625,55.555951833724976
6,8,0.3,95.11,91.26,3.8499999999999943,0.29483141212463376,1.5605878829956055,8.532264709472656,5.467340098203674,3.9999945989073438,598.9267578125,149.73189163208008,0.30001271248002326,1.1027555465698242,0.26256561279296875,0.06510162353515625,0.13016510009765625,56.90469193458557
7,7,0.0,95.11,91.85,3.260000000000005,0.3445122772216797,2.0332260131835938,8.532264709472656,4.196417247344268,4.571421516941565,598.9267578125,131.01543045043945,0.02474620441667874,1.8379592895507812,0.0,0.06510162353515625,0.13016510009765625,61.03133201599121
7,7,0.1,95.11,91.7,3.4099999999999966,0.34744141321182254,2.1119372844696045,8.532264709472656,4.0400180309404705,4.571421516941565,598.9267578125,131.01543045043945,0.10003178120005807,1.6541049480438232,0.26256561279296875,0.06510162353515625,0.13016510009765625,58.65949487686157
7,7,0.2,95.11,91.25,3.8599999999999994,0.33661013069152834,1.9281989336013794,8.532264709472656,4.4249919242184115,4.571421516941565,598.9267578125,131.01543045043945,0.20000045401714373,1.4703665971755981,0.26256561279296875,0.06510162353515625,0.13016510009765625,49.264230251312256
7,7,0.3,95.11,88.11,7.0,0.42928146142959595,1.7444038391113281,8.532264709472656,4.891221010966903,4.571421516941565,598.9267578125,131.01543045043945,0.30000000000000004,1.2865715026855469,0.26256561279296875,0.06510162353515625,0.13016510009765625,55.676612854003906
7,8,0.0,95.11,94.6,0.5100000000000051,0.228944583773613,2.0332260131835938,8.532264709472656,4.196417247344268,3.9999945989073438,598.9267578125,149.73189163208008,0.02474620441667874,1.8379592895507812,0.0,0.06510162353515625,0.13016510009765625,50.70182394981384
7,8,0.1,95.11,94.14,0.9699999999999989,0.23531206407546998,2.1119372844696045,8.532264709472656,4.0400180309404705,3.9999945989073438,598.9267578125,149.73189163208008,0.10003178120005807,1.6541049480438232,0.26256561279296875,0.06510162353515625,0.13016510009765625,49.79678988456726
7,8,0.2,95.11,94.0,1.1099999999999994,0.22513217313289643,1.9281989336013794,8.532264709472656,4.4249919242184115,3.9999945989073438,598.9267578125,149.73189163208008,0.20000045401714373,1.4703665971755981,0.26256561279296875,0.06510162353515625,0.13016510009765625,56.694889068603516
7,8,0.3,95.11,91.53,3.5799999999999983,0.30059262733459474,1.7444038391113281,8.532264709472656,4.891221010966903,3.9999945989073438,598.9267578125,149.73189163208008,0.30000000000000004,1.2865715026855469,0.26256561279296875,0.06510162353515625,0.13016510009765625,50.88507580757141
8,7,0.0,95.11,91.85,3.260000000000005,0.3495202961921692,2.2957916259765625,8.532264709472656,3.71648045621008,4.571421516941565,598.9267578125,131.01543045043945,0.012515890600029111,2.10052490234375,0.0,0.06510162353515625,0.13016510009765625,56.226662158966064
8,7,0.1,95.11,91.34,3.769999999999996,0.3634552262306213,2.3483047485351562,8.532264709472656,3.6333719951786403,4.571421516941565,598.9267578125,131.01543045043945,0.09999999999999998,1.890472412109375,0.26256561279296875,0.06510162353515625,0.13016510009765625,47.86899495124817
8,7,0.2,95.11,91.33,3.780000000000001,0.3404358155250549,2.1382522583007812,8.532264709472656,3.99029846752181,4.571421516941565,598.9267578125,131.01543045043945,0.19999999999999996,1.680419921875,0.26256561279296875,0.06510162353515625,0.13016510009765625,48.99214816093445
8,7,0.3,95.11,87.71,7.400000000000006,0.4352245606422424,1.9281997680664062,8.532264709472656,4.424990009219216,4.571421516941565,598.9267578125,131.01543045043945,0.30000000000000004,1.470367431640625,0.26256561279296875,0.06510162353515625,0.13016510009765625,48.119094133377075
8,8,0.0,95.11,94.49,0.6200000000000045,0.22495035021305085,2.2957916259765625,8.532264709472656,3.71648045621008,3.9999945989073438,598.9267578125,149.73189163208008,0.012515890600029111,2.10052490234375,0.0,0.06510162353515625,0.13016510009765625,47.81294798851013
8,8,0.1,95.11,94.41,0.7000000000000028,0.23690082573890686,2.3483047485351562,8.532264709472656,3.6333719951786403,3.9999945989073438,598.9267578125,149.73189163208008,0.09999999999999998,1.890472412109375,0.26256561279296875,0.06510162353515625,0.13016510009765625,47.614821910858154
8,8,0.2,95.11,94.2,0.9099999999999966,0.22063979873657227,2.1382522583007812,8.532264709472656,3.99029846752181,3.9999945989073438,598.9267578125,149.73189163208008,0.19999999999999996,1.680419921875,0.26256561279296875,0.06510162353515625,0.13016510009765625,49.69459104537964
8,8,0.3,95.11,90.97,4.140000000000001,0.31030680932998655,1.9281997680664062,8.532264709472656,4.424990009219216,3.9999945989073438,598.9267578125,149.73189163208008,0.30000000000000004,1.470367431640625,0.26256561279296875,0.06510162353515625,0.13016510009765625,53.12146711349487
